{
  "pokemons": [
    {
      "id": 1,
      "nombre": "Bulbasaur",
      "tipo": ["Planta", "Veneno"],
      "evoluciones": ["Ivysaur", "Venusaur"],
      "estadisticas": {
        "hp": 45,
        "ataque": 49,
        "defensa": 49,
        "velocidad": 45
      }
    },
    {
      "id": 4,
      "nombre": "Charmander",
      "tipo": ["Fuego"],
      "evoluciones": ["Charmeleon", "Charizard"],
      "estadisticas": {
        "hp": 39,
        "ataque": 52,
        "defensa": 43,
        "velocidad": 65
      }
    },
    {
      "id": 7,
      "nombre": "Squirtle",
      "tipo": ["Agua"],
      "evoluciones": ["Wartortle", "Blastoise"],
      "estadisticas": {
        "hp": 44,
        "ataque": 48,
        "defensa": 65,
        "velocidad": 43
      }
    }
  ]
}